721112672833372250,sasher_,Sarina
724661237421703280,boldrocket,no
690052425104883760,kakakte,kato
1035595975282139197,jomel3two,Jomel
1025963906314797066,ae._.300,no
1112434984494583960,svet4335,no
727941759010603029,joe_college,Joey
458422337650556928,ilonawhite,no
1102996209431498852,schrodersnoss,no
1113080502379884554,czkcool,no
932477222776889364,lee_thal,Alison
328009863634354177,kentseito,Bethany
755435602207309824,minervatree,Emily ðŸŒµ
392098882479456259,_logn,no
727927225944375338,Cozmik,no
235148962103951360,Carl-bot,Carl
1148756415326986270,pan3ra_23466,no
1201692161381240853,peachiefknkeen,Amanda
368105370532577280,Zapier,no
224715981430325249,brianl__,bian
495366898192482325,spaceshipearth,ðŸŒ»SavannahðŸŒ»
165926141964582913,haydenisme,no
1194777751186575480,aakashgoyal33,no
522051042851160075,mrugank55,no
339871881295298590,termorganator,Moregen
762419663975219221,andresv3983,no
746063534668120246,akshay0_0,no
367524396488982530,apuppy0041,no
1033618375722680380,StephaYee,no
598369498151518229,varx13,Oscar V
288181223556382720,hermesv,Wilson
1004954441121792021,Kieren Hatch,no
591889522384437258,jammuuu.,no
402181332643479563,crummykracker,Ean
749013733841305611,whoneedsthumbs,Someone
927734855880560680,rigotonii,no
706732201232039979,colja23,jay jay
1148087576838799412,mgcousin,no
883393543194935337,aye.bee.sea,no
289818843495268363,jackattack7777,jackquack
699422174124965928,molly2206,no
1195758121335914626,emma01069,no
689997012292206632,dandan7849,no
943168884054315078,avery.rol0_0,Avery :-)
734939167485853726,brandino4023,Brent
220215723606147073,sidzzz,Sid
609619072904331264,notadilf,Jonathan
334896475542650890,ge8rge,no
868657604803579905,zachyb3764,Zach
201810426864861184,zyp,no
1111707142676824204,cheryl7844,no
154273792657457152,snealbeal,no
276887200749191168,kulara.,Mike
1111735425288114266,JeanJean,no
449684297650012161,rainbowmoon20,Vivian
489376764200615936,attachoi,Justin
482943354242334730,allstate_,Called it Caleb
529000047828795393,eggplnatt,evan
663991554746351647,nickmarta,no
412051129493618689,eventhestevens,Michael Bencomo
1122592680300527656,lorimusico,no
377138549163687937,smoke16397,Sumukh
1015089510155030548,zoeyfreeman.,no
474132254545805334,beckmo,no
685340365468729376,oivy18,no
930968712998191195,ishan1575,no
251062392719540225,a_capybara,David
1024179660243861514,soyfuego_,no
725679923573817406,albert_0303,no
1112846966104268865,Debi,no
361286910775132162,.wta,WiÍ¥lsÍ£oÍ«n
978494653663969291,squidlyboy,ben
728844044633112627,sonoranfox,sonoran
644338341810143242,knewt17,Kevin N. Geary
544723809165377536,jeremylevi,Jeremy
682339590161301653,kqtpie,Kylie Kyles
839922100767555604,Seratte,no
172159212338544641,atoxe,fransusco
1156764596888158359,arnavgupta11,no
1154534485749137509,Dragonbot,no
1007852270660100116,frostedsnow.,rohan
1039987385255075860,jack barron,no
189386998690217984,professorbalding,no
730778862203437068,Mr Poll,no
671551763144376344,orangespace,Lihong
712470090716676117,eira3854,Madeline
734981956135157880,yellowdolfin,no
412347780841865216,Jockie Music (3),no
341704920506040330,thighconsumer,Ezekiel
930686478844059688,britknee1007,no
167467651906535424,noot_snoot,nina
450731928719589396,queenie315,Queena
726934388528513075,micholasmouselas,Micayla
1174922677828468740,nathalie324,no
